Danijel SUBASIC|C:\Users\lovri\OneDrive\Desktop\Hrv\Subasic.jpg
Sime VRSALJKO|C:\Users\lovri\OneDrive\Desktop\Hrv\Vrsaljko.jpg
Ivan STRINIC|C:\Users\lovri\OneDrive\Desktop\Hrv\Strinic.jpg
Ivan PERISIC|C:\Users\lovri\OneDrive\Desktop\Hrv\Perisic.png
Dejan LOVREN|C:\Users\lovri\OneDrive\Desktop\Hrv\Lovren.jpg
Ivan RAKITIC|C:\Users\lovri\OneDrive\Desktop\Hrv\Rakitic.jpg
Andrej KRAMARIC|C:\Users\lovri\OneDrive\Desktop\Hrv\Kramaric.png
Luka MODRIC|C:\Users\lovri\OneDrive\Desktop\Hrv\Modric.png
Mario MANDZUKIC|C:\Users\lovri\OneDrive\Desktop\Hrv\Mandzukic.jpg
Domagoj VIDA|C:\Users\lovri\OneDrive\Desktop\Hrv\Vida.png
Ante REBIC|C:\Users\lovri\OneDrive\Desktop\Hrv\Rebic.jpg
Dominik LIVAKOVIC|C:\Users\lovri\OneDrive\Desktop\Hrv\Livakovic.png
Vedran CORLUKA|C:\Users\lovri\OneDrive\Desktop\Hrv\Corluka.jpg
Mateo KOVACIC|C:\Users\lovri\OneDrive\Desktop\Hrv\Kovacic.png
Marcelo BROZOVIC|C:\Users\lovri\OneDrive\Desktop\Hrv\Brozovic.png
Lovre KALINIC|C:\Users\lovri\OneDrive\Desktop\Hrv\Kalinic-Lovre.jpg
Tin JEDVAJ|C:\Users\lovri\OneDrive\Desktop\Hrv\Jedvaj.jpg
Filip BRADARIC|C:\Users\lovri\OneDrive\Desktop\Hrv\Bradaric.jpg
Duje CALETA-CAR|C:\Users\lovri\OneDrive\Desktop\Hrv\Caleta-car.png
Nikola KALINIC|C:\Users\lovri\OneDrive\Desktop\Hrv\Kalinic-Nikola.jpg
Milan BADELJ|C:\Users\lovri\OneDrive\Desktop\Hrv\Badelj.jpg
Marko PJACA|C:\Users\lovri\OneDrive\Desktop\Hrv\Pjaca.png
Josip PIVARIC|C:\Users\lovri\OneDrive\Desktop\Hrv\Pivaric.jpg
Ivan RAKITIC|C:\Users\lovri\OneDrive\Desktop\Hrv\Rakitic.jpg
Marcelo BROZOVIC|C:\Users\lovri\OneDrive\Desktop\Hrv\Brozovic.jpg
Domagoj VIDA|C:\Users\lovri\OneDrive\Desktop\Hrv\Vida.jpg
Luka MODRIC|C:\Users\lovri\OneDrive\Desktop\Hrv\Modric.jpg
Ivan PERISIC|C:\Users\lovri\OneDrive\Desktop\Hrv\Perisic.jpg
